timestamp_ms,runqueue_length_core0,runqueue_length_core1,runqueue_length_core2,runqueue_length_core3,total_runnable,total_blocked,total_sleeping,voluntary_ctx_switches,involuntary_ctx_switches,avg_scheduler_latency_ns,max_scheduler_latency_ns,realtime_processes,normal_processes
1748112763088,0,0,0,0,0,0,0,0,0,1000,1000,0,0
1748112763352,0,0,0,0,0,0,0,0,0,1120,1400,0,0
1748112763613,0,0,0,0,0,0,0,0,0,1033.33,1400,0,0
1748112763884,0,0,0,0,0,0,0,0,0,1038.46,1400,0,0
1748112764140,0,0,0,0,0,0,0,0,0,982.353,1400,0,0
1748112764404,0,0,0,0,0,0,0,0,0,990.909,1400,0,0
1748112764664,0,0,0,0,0,0,0,0,0,1053.85,1700,0,0
1748112764922,0,0,0,0,0,0,0,0,0,1116.67,1700,0,0
1748112765177,0,0,0,0,0,0,0,0,0,1135.29,1700,0,0
1748112765447,0,0,0,0,0,0,0,0,0,1128.95,1700,0,0
1748112765704,0,0,0,0,0,0,0,0,0,1128.57,1700,0,0
1748112765972,0,0,0,0,0,0,0,0,0,1139.13,1700,0,0
1748112766243,0,0,0,0,0,0,0,0,0,1134,1700,0,0
1748112766499,0,0,0,0,0,0,0,0,0,1116.67,1700,0,0
1748112766760,0,0,0,0,0,0,0,0,0,1120.34,1900,0,0
1748112767018,0,0,0,0,0,0,0,0,0,1101.59,1900,0,0
1748112767275,0,0,0,0,0,0,0,0,0,1132.84,2700,0,0
1748112767532,0,0,0,0,0,0,0,0,0,1136.62,2700,0,0
1748112767788,0,0,0,0,0,0,0,0,0,1136,2700,0,0
1748112768058,0,0,0,0,0,0,0,0,0,1120.25,2700,0,0
1748112768315,0,0,0,0,0,0,0,0,0,1132.53,2700,0,0
1748112768570,0,0,0,0,0,0,0,0,0,1140.23,2700,0,0
1748112768841,0,0,0,0,0,0,0,0,0,1142.86,2700,0,0
1748112769100,0,0,0,0,0,0,0,0,0,1135.79,2700,0,0
1748112769356,0,0,0,0,0,0,0,0,0,1139.39,2700,0,0
1748112769616,0,0,0,0,0,0,0,0,0,1566.99,36600,0,0
1748112769874,0,0,0,0,0,0,0,0,0,1557.94,36600,0,0
1748112770129,0,0,0,0,0,0,0,0,0,1544.14,36600,0,0
1748112770389,0,0,0,0,0,0,0,0,0,1526.96,36600,0,0
1748112770644,0,0,0,0,0,0,0,0,0,1508.4,36600,0,0
1748112770902,0,0,0,0,0,0,0,0,0,1480.49,36600,0,0
1748112771158,0,0,0,0,0,0,0,0,0,1455.91,36600,0,0
1748112771428,0,0,0,0,0,0,0,0,0,1435.88,36600,0,0
1748112771697,0,0,0,0,0,0,0,0,0,1411.76,36600,0,0
1748112771966,0,0,0,0,0,0,0,0,0,1396.43,36600,0,0
1748112772233,0,0,0,0,0,0,0,0,0,1379.86,36600,0,0
1748112772492,0,0,0,0,0,0,0,0,0,1360.14,36600,0,0
1748112772750,0,0,0,0,0,0,0,0,0,1351.97,36600,0,0
1748112773007,0,0,0,0,0,0,0,0,0,1346.15,36600,0,0
1748112773268,0,0,0,0,0,0,0,0,0,1336.87,36600,0,0
1748112773534,0,0,0,0,0,0,0,0,0,1324.85,36600,0,0
1748112773804,0,0,0,0,0,0,0,0,0,1318.93,36600,0,0
1748112774061,0,0,0,0,0,0,0,0,0,1306.36,36600,0,0
1748112774319,0,0,0,0,0,0,0,0,0,1306.21,36600,0,0
1748112774580,0,0,0,0,0,0,0,0,0,1354.14,36600,0,0
1748112774834,0,0,0,0,0,0,0,0,0,1349.19,36600,0,0
1748112775090,0,0,0,0,0,0,0,0,0,1344.44,36600,0,0
1748112775357,0,0,0,0,0,0,0,0,0,1335.23,36600,0,0
1748112775626,0,0,0,0,0,0,0,0,0,1328.28,36600,0,0
1748112775882,0,0,0,0,0,0,0,0,0,1314.36,36600,0,0
1748112776148,0,0,0,0,0,0,0,0,0,1363.59,36600,0,0
1748112776420,0,0,0,0,0,0,0,0,0,1400,36600,0,0
1748112776680,0,0,0,0,0,0,0,0,0,1397.66,36600,0,0
1748112776938,0,0,0,0,0,0,0,0,0,1406.88,36600,0,0
1748112777197,0,0,0,0,0,0,0,0,0,1409.46,36600,0,0
1748112777455,0,0,0,0,0,0,0,0,0,1414.6,36600,0,0
1748112777711,0,0,0,0,0,0,0,0,0,1413.04,36600,0,0
1748112777971,0,0,0,0,0,0,0,0,0,1410.26,36600,0,0
1748112778231,0,0,0,0,0,0,0,0,0,1414.29,36600,0,0
1748112778491,0,0,0,0,0,0,0,0,0,1453.31,36600,0,0
1748112778763,0,0,0,0,0,0,0,0,0,1458.54,36600,0,0
1748112779019,0,0,0,0,0,0,0,0,0,1831.2,94100,0,0
1748112779287,0,0,0,0,0,0,0,0,0,1826.27,94100,0,0
1748112779542,0,0,0,0,0,0,0,0,0,1825.48,94100,0,0
1748112779799,0,0,0,0,0,0,0,0,0,1821.67,94100,0,0
1748112780057,0,0,0,0,0,0,0,0,0,1818.73,94100,0,0
1748112780316,0,0,0,0,0,0,0,0,0,1816.61,94100,0,0
1748112780572,0,0,0,0,0,0,0,0,0,1818.18,94100,0,0
1748112780828,0,0,0,0,0,0,0,0,0,1819,94100,0,0
1748112781084,0,0,0,0,0,0,0,0,0,1820.14,94100,0,0
1748112781340,0,0,0,0,0,0,0,0,0,1823,94100,0,0
1748112781610,0,0,0,0,0,0,0,0,0,1826.8,94100,0,0
1748112781878,0,0,0,0,0,0,0,0,0,1832.54,94100,0,0
1748112782149,0,0,0,0,0,0,0,0,0,1831.1,94100,0,0
1748112782404,0,0,0,0,0,0,0,0,0,1828.38,94100,0,0
1748112782662,0,0,0,0,0,0,0,0,0,1825.41,94100,0,0
1748112782922,0,0,0,0,0,0,0,0,0,1824.68,94100,0,0
1748112783187,0,0,0,0,0,0,0,0,0,1825.32,94100,0,0
1748112783455,0,0,0,0,0,0,0,0,0,1817.19,94100,0,0
1748112783710,0,0,0,0,0,0,0,0,0,1812.35,94100,0,0
1748112783980,0,0,0,0,0,0,0,0,0,1799.09,94100,0,0
1748112784241,0,0,0,0,0,0,0,0,0,1792.47,94100,0,0
1748112784497,0,0,0,0,0,0,0,0,0,1784.52,94100,0,0
1748112784752,0,0,0,0,0,0,0,0,0,1779.41,94100,0,0
1748112785023,0,0,0,0,0,0,0,0,0,1772.09,94100,0,0
1748112785278,0,0,0,0,0,0,0,0,0,1763.51,94100,0,0
1748112785536,0,0,0,0,0,0,0,0,0,1753.12,94100,0,0
1748112785805,0,0,0,0,0,0,0,0,0,1739.22,94100,0,0
1748112786063,0,0,0,0,0,0,0,0,0,1728.25,94100,0,0
1748112786322,0,0,0,0,0,0,0,0,0,1718.36,94100,0,0
1748112786580,0,0,0,0,0,0,0,0,0,1709.21,94100,0,0
1748112786835,0,0,0,0,0,0,0,0,0,1703.22,94100,0,0
1748112787093,0,0,0,0,0,0,0,0,0,1694.16,94100,0,0
1748112787349,0,0,0,0,0,0,0,0,0,1686.35,94100,0,0
1748112787607,0,0,0,0,0,0,0,0,0,1678.18,94100,0,0
1748112787866,0,0,0,0,0,0,0,0,0,1668.64,94100,0,0
1748112788127,0,0,0,0,0,0,0,0,0,1658.52,94100,0,0
1748112788386,0,0,0,0,0,0,0,0,0,1658.69,94100,0,0
1748112788643,0,0,0,0,0,0,0,0,0,1659.6,94100,0,0
1748112788900,0,0,0,0,0,0,0,0,0,1655.31,94100,0,0
1748112789156,0,0,0,0,0,0,0,0,0,1653.3,94100,0,0
1748112789413,0,0,0,0,0,0,0,0,0,1651.33,94100,0,0
1748112789668,0,0,0,0,0,0,0,0,0,1651.32,94100,0,0
1748112789928,0,0,0,0,0,0,0,0,0,1960.33,130000,0,0
1748112790186,0,0,0,0,0,0,0,0,0,1956.24,130000,0,0
1748112790457,0,0,0,0,0,0,0,0,0,1955.94,130000,0,0
1748112790715,0,0,0,0,0,0,0,0,0,1953.81,130000,0,0
1748112790975,0,0,0,0,0,0,0,0,0,1949.2,130000,0,0
1748112791234,0,0,0,0,0,0,0,0,0,1946.94,130000,0,0
1748112791490,0,0,0,0,0,0,0,0,0,1946.74,130000,0,0
1748112791749,0,0,0,0,0,0,0,0,0,1941.65,130000,0,0
1748112792016,0,0,0,0,0,0,0,0,0,1938.33,130000,0,0
1748112792287,0,0,0,0,0,0,0,0,0,1937.12,130000,0,0
1748112792546,0,0,0,0,0,0,0,0,0,1935.28,130000,0,0
1748112792801,0,0,0,0,0,0,0,0,0,1934.98,130000,0,0
1748112793058,0,0,0,0,0,0,0,0,0,1935.32,130000,0,0
1748112793314,0,0,0,0,0,0,0,0,0,1932.49,130000,0,0
1748112793584,0,0,0,0,0,0,0,0,0,1931.8,130000,0,0
1748112793840,0,0,0,0,0,0,0,0,0,1928.01,130000,0,0
1748112794100,0,0,0,0,0,0,0,0,0,1927.78,130000,0,0
1748112794360,0,0,0,0,0,0,0,0,0,1927.76,130000,0,0
1748112794630,0,0,0,0,0,0,0,0,0,1924.85,130000,0,0
1748112794891,0,0,0,0,0,0,0,0,0,1925.25,130000,0,0
1748112795151,0,0,0,0,0,0,0,0,0,1925.65,130000,0,0
1748112795406,0,0,0,0,0,0,0,0,0,1921.7,130000,0,0
1748112795662,0,0,0,0,0,0,0,0,0,1919.18,130000,0,0
1748112795917,0,0,0,0,0,0,0,0,0,1918.06,130000,0,0
1748112796174,0,0,0,0,0,0,0,0,0,1918.3,130000,0,0
1748112796437,0,0,0,0,0,0,0,0,0,1915.68,130000,0,0
1748112796697,0,0,0,0,0,0,0,0,0,1914.42,130000,0,0
1748112796955,0,0,0,0,0,0,0,0,0,1908.66,130000,0,0
1748112797226,0,0,0,0,0,0,0,0,0,1903.74,130000,0,0
1748112797483,0,0,0,0,0,0,0,0,0,1896.85,130000,0,0
1748112797756,0,0,0,0,0,0,0,0,0,1890.07,130000,0,0
1748112798014,0,0,0,0,0,0,0,0,0,1883.94,130000,0,0
1748112798271,0,0,0,0,0,0,0,0,0,1878.44,130000,0,0
1748112798532,0,0,0,0,0,0,0,0,0,1873.2,130000,0,0
1748112798790,0,0,0,0,0,0,0,0,0,1868.93,130000,0,0
1748112799061,0,0,0,0,0,0,0,0,0,1865.07,130000,0,0
1748112799332,0,0,0,0,0,0,0,0,0,1861.8,130000,0,0
1748112799587,0,0,0,0,0,0,0,0,0,1858.92,130000,0,0
1748112799842,0,0,0,0,0,0,0,0,0,1854.17,130000,0,0
1748112800112,0,0,0,0,0,0,0,0,0,1848.79,130000,0,0
1748112800370,0,0,0,0,0,0,0,0,0,1845.03,130000,0,0
1748112800626,0,0,0,0,0,0,0,0,0,1840.48,130000,0,0
1748112800897,0,0,0,0,0,0,0,0,0,1832.72,130000,0,0
1748112801152,0,0,0,0,0,0,0,0,0,1827.14,130000,0,0
1748112801410,0,0,0,0,0,0,0,0,0,1821.8,130000,0,0
1748112801667,0,0,0,0,0,0,0,0,0,1814.05,130000,0,0
1748112801923,0,0,0,0,0,0,0,0,0,1812.81,130000,0,0
1748112802181,0,0,0,0,0,0,0,0,0,1814.52,130000,0,0
1748112802452,0,0,0,0,0,0,0,0,0,1813.29,130000,0,0
1748112802710,0,0,0,0,0,0,0,0,0,1808.37,130000,0,0
1748112802968,0,0,0,0,0,0,0,0,0,1802.56,130000,0,0
1748112803237,0,0,0,0,0,0,0,0,0,1795.23,130000,0,0
1748112803494,0,0,0,0,0,0,0,0,0,1789.89,130000,0,0
1748112803752,0,0,0,0,0,0,0,0,0,1783.36,130000,0,0
1748112804008,0,0,0,0,0,0,0,0,0,1777.07,130000,0,0
1748112804263,0,0,0,0,0,0,0,0,0,1771.94,130000,0,0
1748112804519,0,0,0,0,0,0,0,0,0,1765.33,130000,0,0
1748112804777,0,0,0,0,0,0,0,0,0,1762.02,130000,0,0
1748112805033,0,0,0,0,0,0,0,0,0,1759.06,130000,0,0
1748112805290,0,0,0,0,0,0,0,0,0,1753.56,130000,0,0
1748112805547,0,0,0,0,0,0,0,0,0,1750.83,130000,0,0
1748112805802,0,0,0,0,0,0,0,0,0,1745.44,130000,0,0
1748112806060,0,0,0,0,0,0,0,0,0,1741.16,130000,0,0
1748112806318,0,0,0,0,0,0,0,0,0,1735.75,130000,0,0
1748112806589,0,0,0,0,0,0,0,0,0,1728.89,130000,0,0
1748112806846,0,0,0,0,0,0,0,0,0,1724.05,130000,0,0
1748112807117,0,0,0,0,0,0,0,0,0,1718.55,130000,0,0
1748112807373,0,0,0,0,0,0,0,0,0,1715.27,130000,0,0
1748112807630,0,0,0,0,0,0,0,0,0,1713.47,130000,0,0
1748112807886,0,0,0,0,0,0,0,0,0,1712.11,130000,0,0
1748112808159,0,0,0,0,0,0,0,0,0,1711.33,130000,0,0
1748112808419,0,0,0,0,0,0,0,0,0,1712.25,130000,0,0
1748112808679,0,0,0,0,0,0,0,0,0,1711.33,130000,0,0
1748112808934,0,0,0,0,0,0,0,0,0,1712.52,130000,0,0
1748112809203,0,0,0,0,0,0,0,0,0,1711.2,130000,0,0
1748112809475,0,0,0,0,0,0,0,0,0,1711.69,130000,0,0
1748112809732,0,0,0,0,0,0,0,0,0,1711.76,130000,0,0
1748112809988,0,0,0,0,0,0,0,0,0,1708.71,130000,0,0
1748112810247,0,0,0,0,0,0,0,0,0,1703.38,130000,0,0
1748112810507,0,0,0,0,0,0,0,0,0,1697.58,130000,0,0
1748112810762,0,0,0,0,0,0,0,0,0,1695.58,130000,0,0
1748112811028,0,0,0,0,0,0,0,0,0,1690.43,130000,0,0
1748112811297,0,0,0,0,0,0,0,0,0,1687.96,130000,0,0
1748112811558,0,0,0,0,0,0,0,0,0,1683.95,130000,0,0
1748112811813,0,0,0,0,0,0,0,0,0,1680.37,130000,0,0
1748112812069,0,0,0,0,0,0,0,0,0,1675.39,130000,0,0
1748112812325,0,0,0,0,0,0,0,0,0,1671.37,130000,0,0
1748112812594,0,0,0,0,0,0,0,0,0,1777.71,130000,0,0
1748112812854,0,0,0,0,0,0,0,0,0,1772.69,130000,0,0
1748112813110,0,0,0,0,0,0,0,0,0,1768.49,130000,0,0
1748112813368,0,0,0,0,0,0,0,0,0,1763.71,130000,0,0
1748112813627,0,0,0,0,0,0,0,0,0,1759.6,130000,0,0
1748112813883,0,0,0,0,0,0,0,0,0,1755.03,130000,0,0
1748112814138,0,0,0,0,0,0,0,0,0,1749.87,130000,0,0
1748112814395,0,0,0,0,0,0,0,0,0,1745.52,130000,0,0
1748112814655,0,0,0,0,0,0,0,0,0,1741.21,130000,0,0
1748112814913,0,0,0,0,0,0,0,0,0,1736.95,130000,0,0
1748112815169,0,0,0,0,0,0,0,0,0,1736.27,130000,0,0
1748112815424,0,0,0,0,0,0,0,0,0,1733.9,130000,0,0
1748112815684,0,0,0,0,0,0,0,0,0,1733.62,130000,0,0
1748112815943,0,0,0,0,0,0,0,0,0,1734.54,130000,0,0
1748112816212,0,0,0,0,0,0,0,0,0,1732.89,130000,0,0
1748112816470,0,0,0,0,0,0,0,0,0,1731.54,130000,0,0
1748112816739,0,0,0,0,0,0,0,0,0,1731.15,130000,0,0
1748112817007,0,0,0,0,0,0,0,0,0,1731.24,130000,0,0
1748112817277,0,0,0,0,0,0,0,0,0,1729.88,130000,0,0
1748112817546,0,0,0,0,0,0,0,0,0,1728.45,130000,0,0
1748112817800,0,0,0,0,0,0,0,0,0,1726.92,130000,0,0
1748112818055,0,0,0,0,0,0,0,0,0,1724.94,130000,0,0
1748112818312,0,0,0,0,0,0,0,0,0,1721.13,130000,0,0
1748112818581,0,0,0,0,0,0,0,0,0,1716.78,130000,0,0
1748112818850,0,0,0,0,0,0,0,0,0,1711.66,130000,0,0
1748112819105,0,0,0,0,0,0,0,0,0,1708.42,130000,0,0
1748112819360,0,0,0,0,0,0,0,0,0,1704.08,130000,0,0
1748112819618,0,0,0,0,0,0,0,0,0,1699.21,130000,0,0
1748112819875,0,0,0,0,0,0,0,0,0,1696.75,130000,0,0
1748112820131,0,0,0,0,0,0,0,0,0,1692.85,130000,0,0
1748112820391,0,0,0,0,0,0,0,0,0,1688.43,130000,0,0
1748112820649,0,0,0,0,0,0,0,0,0,1684.39,130000,0,0
1748112820905,0,0,0,0,0,0,0,0,0,1680.04,130000,0,0
1748112821160,0,0,0,0,0,0,0,0,0,1675.41,130000,0,0
1748112821420,0,0,0,0,0,0,0,0,0,1671.15,130000,0,0
1748112821676,0,0,0,0,0,0,0,0,0,1668.12,130000,0,0
1748112821938,0,0,0,0,0,0,0,0,0,1665.01,130000,0,0
1748112822193,0,0,0,0,0,0,0,0,0,1661.17,130000,0,0
1748112822449,0,0,0,0,0,0,0,0,0,1658,130000,0,0
1748112822705,0,0,0,0,0,0,0,0,0,1654.87,130000,0,0
1748112822959,0,0,0,0,0,0,0,0,0,1652.72,130000,0,0
1748112823215,0,0,0,0,0,0,0,0,0,1652.07,130000,0,0
1748112823472,0,0,0,0,0,0,0,0,0,1650.69,130000,0,0
1748112823728,0,0,0,0,0,0,0,0,0,1649.21,130000,0,0
1748112823982,0,0,0,0,0,0,0,0,0,1647.33,130000,0,0
1748112824240,0,0,0,0,0,0,0,0,0,1646.72,130000,0,0
1748112824498,0,0,0,0,0,0,0,0,0,1645.69,130000,0,0
1748112824759,0,0,0,0,0,0,0,0,0,1644.26,130000,0,0
1748112825017,0,0,0,0,0,0,0,0,0,1643.15,130000,0,0
1748112825272,0,0,0,0,0,0,0,0,0,1640.92,130000,0,0
1748112825531,0,0,0,0,0,0,0,0,0,1639.33,130000,0,0
1748112825790,0,0,0,0,0,0,0,0,0,1636.72,130000,0,0
1748112826047,0,0,0,0,0,0,0,0,0,1634.35,130000,0,0
1748112826307,0,0,0,0,0,0,0,0,0,1631.69,130000,0,0
1748112826563,0,0,0,0,0,0,0,0,0,1628.54,130000,0,0
1748112826833,0,0,0,0,0,0,0,0,0,1626,130000,0,0
1748112827090,0,0,0,0,0,0,0,0,0,1624,130000,0,0
1748112827349,0,0,0,0,0,0,0,0,0,1621.73,130000,0,0
1748112827605,0,0,0,0,0,0,0,0,0,1618.68,130000,0,0
1748112827865,0,0,0,0,0,0,0,0,0,1615.94,130000,0,0
1748112828126,0,0,0,0,0,0,0,0,0,1612.94,130000,0,0
1748112828380,0,0,0,0,0,0,0,0,0,1610.55,130000,0,0
1748112828637,0,0,0,0,0,0,0,0,0,1607.68,130000,0,0
1748112828894,0,0,0,0,0,0,0,0,0,1606.2,130000,0,0
1748112829164,0,0,0,0,0,0,0,0,0,1604.34,130000,0,0
1748112829419,0,0,0,0,0,0,0,0,0,1602.4,130000,0,0
1748112829675,0,0,0,0,0,0,0,0,0,1601.05,130000,0,0
1748112829935,0,0,0,0,0,0,0,0,0,1599.43,130000,0,0
1748112830191,0,0,0,0,0,0,0,0,0,1597.72,130000,0,0
1748112830448,0,0,0,0,0,0,0,0,0,1596.21,130000,0,0
1748112830707,0,0,0,0,0,0,0,0,0,1595.66,130000,0,0
1748112830967,0,0,0,0,0,0,0,0,0,1595.4,130000,0,0
1748112831238,0,0,0,0,0,0,0,0,0,1594.48,130000,0,0
1748112831493,0,0,0,0,0,0,0,0,0,1593.29,130000,0,0
1748112831750,0,0,0,0,0,0,0,0,0,1593.04,130000,0,0
1748112832020,0,0,0,0,0,0,0,0,0,1591.58,130000,0,0
1748112832290,0,0,0,0,0,0,0,0,0,1591.61,130000,0,0
1748112832550,0,0,0,0,0,0,0,0,0,1590.27,130000,0,0
1748112832817,0,0,0,0,0,0,0,0,0,1589.76,130000,0,0
1748112833073,0,0,0,0,0,0,0,0,0,1588.71,130000,0,0
1748112833329,0,0,0,0,0,0,0,0,0,1587.02,130000,0,0
1748112833586,0,0,0,0,0,0,0,0,0,1585.53,130000,0,0
1748112833845,0,0,0,0,0,0,0,0,0,1584.23,130000,0,0
1748112834102,0,0,0,0,0,0,0,0,0,1583.21,130000,0,0
1748112834362,0,0,0,0,0,0,0,0,0,1582.74,130000,0,0
1748112834631,0,0,0,0,0,0,0,0,0,1580.66,130000,0,0
1748112834889,0,0,0,0,0,0,0,0,0,1577.53,130000,0,0
1748112835144,0,0,0,0,0,0,0,0,0,1574.87,130000,0,0
1748112835400,0,0,0,0,0,0,0,0,0,1572.4,130000,0,0
1748112835658,0,0,0,0,0,0,0,0,0,1569.6,130000,0,0
1748112835917,0,0,0,0,0,0,0,0,0,1566.9,130000,0,0
1748112836174,0,0,0,0,0,0,0,0,0,1563.79,130000,0,0
1748112836432,0,0,0,0,0,0,0,0,0,1561.57,130000,0,0
1748112836688,0,0,0,0,0,0,0,0,0,1559.97,130000,0,0
1748112836945,0,0,0,0,0,0,0,0,0,1557.51,130000,0,0
1748112837201,0,0,0,0,0,0,0,0,0,1554.91,130000,0,0
1748112837471,0,0,0,0,0,0,0,0,0,1552.83,130000,0,0
1748112837730,0,0,0,0,0,0,0,0,0,1550.77,130000,0,0
1748112837985,0,0,0,0,0,0,0,0,0,1548.98,130000,0,0
1748112838242,0,0,0,0,0,0,0,0,0,1546.18,130000,0,0
1748112838511,0,0,0,0,0,0,0,0,0,1542.77,130000,0,0
1748112838770,0,0,0,0,0,0,0,0,0,1540.94,130000,0,0
1748112839024,0,0,0,0,0,0,0,0,0,1538.62,130000,0,0
1748112839283,0,0,0,0,0,0,0,0,0,1536.23,130000,0,0
1748112839540,0,0,0,0,0,0,0,0,0,1535.03,130000,0,0
1748112839802,0,0,0,0,0,0,0,0,0,1534.75,130000,0,0
1748112840061,0,0,0,0,0,0,0,0,0,1533.72,130000,0,0
1748112840317,0,0,0,0,0,0,0,0,0,1533.03,130000,0,0
1748112840578,0,0,0,0,0,0,0,0,0,1533.74,130000,0,0
1748112840846,0,0,0,0,0,0,0,0,0,1533.55,130000,0,0
1748112841102,0,0,0,0,0,0,0,0,0,1532.3,130000,0,0
1748112841360,0,0,0,0,0,0,0,0,0,1530.89,130000,0,0
1748112841617,0,0,0,0,0,0,0,0,0,1530.63,130000,0,0
1748112841879,0,0,0,0,0,0,0,0,0,1530.93,130000,0,0
1748112842137,0,0,0,0,0,0,0,0,0,1531.72,130000,0,0
1748112842394,0,0,0,0,0,0,0,0,0,1530.25,130000,0,0
1748112842653,0,0,0,0,0,0,0,0,0,1528.95,130000,0,0
1748112842914,0,0,0,0,0,0,0,0,0,1527.34,130000,0,0
1748112843170,0,0,0,0,0,0,0,0,0,1525.9,130000,0,0
1748112843429,0,0,0,0,0,0,0,0,0,1525.56,130000,0,0
1748112843688,0,0,0,0,0,0,0,0,0,1524.68,130000,0,0
1748112843948,0,0,0,0,0,0,0,0,0,1523.11,130000,0,0
1748112844209,0,0,0,0,0,0,0,0,0,1521.93,130000,0,0
1748112844466,0,0,0,0,0,0,0,0,0,1521.08,130000,0,0
1748112844722,0,0,0,0,0,0,0,0,0,1520.62,130000,0,0
1748112844979,0,0,0,0,0,0,0,0,0,1520.02,130000,0,0
1748112845234,0,0,0,0,0,0,0,0,0,1518.01,130000,0,0
1748112845490,0,0,0,0,0,0,0,0,0,1515.4,130000,0,0
1748112845750,0,0,0,0,0,0,0,0,0,1513.35,130000,0,0
1748112846006,0,0,0,0,0,0,0,0,0,1513.85,130000,0,0
1748112846266,0,0,0,0,0,0,0,0,0,1513.5,130000,0,0
1748112846523,0,0,0,0,0,0,0,0,0,1513.91,130000,0,0
1748112846780,0,0,0,0,0,0,0,0,0,1512.49,130000,0,0
1748112847037,0,0,0,0,0,0,0,0,0,1510.33,130000,0,0
1748112847296,0,0,0,0,0,0,0,0,0,1508.86,130000,0,0
1748112847550,0,0,0,0,0,0,0,0,0,1506.94,130000,0,0
1748112847818,0,0,0,0,0,0,0,0,0,1505.34,130000,0,0
1748112848075,0,0,0,0,0,0,0,0,0,1503.15,130000,0,0
1748112848344,0,0,0,0,0,0,0,0,0,1501.12,130000,0,0
1748112848599,0,0,0,0,0,0,0,0,0,1499.03,130000,0,0
1748112848858,0,0,0,0,0,0,0,0,0,1497.17,130000,0,0
1748112849128,0,0,0,0,0,0,0,0,0,1494.22,130000,0,0
1748112849397,0,0,0,0,0,0,0,0,0,1492.32,130000,0,0
1748112849658,0,0,0,0,0,0,0,0,0,1490.8,130000,0,0
1748112849917,0,0,0,0,0,0,0,0,0,1488.99,130000,0,0
1748112850176,0,0,0,0,0,0,0,0,0,1488.65,130000,0,0
1748112850432,0,0,0,0,0,0,0,0,0,1487.96,130000,0,0
1748112850688,0,0,0,0,0,0,0,0,0,1487.05,130000,0,0
1748112850943,0,0,0,0,0,0,0,0,0,1485.78,130000,0,0
1748112851198,0,0,0,0,0,0,0,0,0,1484.52,130000,0,0
1748112851454,0,0,0,0,0,0,0,0,0,1483.62,130000,0,0
1748112851711,0,0,0,0,0,0,0,0,0,1484.17,130000,0,0
1748112851980,0,0,0,0,0,0,0,0,0,1485.73,130000,0,0
1748112852245,0,0,0,0,0,0,0,0,0,1486.7,130000,0,0
1748112852504,0,0,0,0,0,0,0,0,0,1502.21,130000,0,0
1748112852763,0,0,0,0,0,0,0,0,0,1500.57,130000,0,0
1748112853018,0,0,0,0,0,0,0,0,0,1500.07,130000,0,0
1748112853274,0,0,0,0,0,0,0,0,0,1498.73,130000,0,0
1748112853530,0,0,0,0,0,0,0,0,0,1497.11,130000,0,0
1748112853788,0,0,0,0,0,0,0,0,0,1495.36,130000,0,0
1748112854045,0,0,0,0,0,0,0,0,0,1494.18,130000,0,0
1748112854302,0,0,0,0,0,0,0,0,0,1492.94,130000,0,0
1748112854558,0,0,0,0,0,0,0,0,0,1492.4,130000,0,0
1748112854814,0,0,0,0,0,0,0,0,0,1492.15,130000,0,0
1748112855069,0,0,0,0,0,0,0,0,0,1552.74,130000,0,0
1748112855328,0,0,0,0,0,0,0,0,0,1551.76,130000,0,0
1748112855584,0,0,0,0,0,0,0,0,0,1550.65,130000,0,0
1748112855842,0,0,0,0,0,0,0,0,0,1549.62,130000,0,0
1748112856103,0,0,0,0,0,0,0,0,0,1549.35,130000,0,0
1748112856361,0,0,0,0,0,0,0,0,0,1548.02,130000,0,0
1748112856619,0,0,0,0,0,0,0,0,0,1558.45,130000,0,0
1748112856876,0,0,0,0,0,0,0,0,0,1558.08,130000,0,0
1748112857131,0,0,0,0,0,0,0,0,0,1556.64,130000,0,0
1748112857386,0,0,0,0,0,0,0,0,0,1579.93,130000,0,0
1748112857644,0,0,0,0,0,0,0,0,0,1579.45,130000,0,0
1748112857901,0,0,0,0,0,0,0,0,0,1579.97,130000,0,0
1748112858172,0,0,0,0,0,0,0,0,0,1580.63,130000,0,0
1748112858441,0,0,0,0,0,0,0,0,0,1581.55,130000,0,0
1748112858702,0,0,0,0,0,0,0,0,0,1581.93,130000,0,0
1748112858959,0,0,0,0,0,0,0,0,0,1581.98,130000,0,0
1748112859227,0,0,0,0,0,0,0,0,0,1583.17,130000,0,0
1748112859484,0,0,0,0,0,0,0,0,0,1582.49,130000,0,0
1748112859744,0,0,0,0,0,0,0,0,0,1583.45,130000,0,0
1748112860003,0,0,0,0,0,0,0,0,0,1591.52,130000,0,0
1748112860263,0,0,0,0,0,0,0,0,0,1591.21,130000,0,0
1748112860521,0,0,0,0,0,0,0,0,0,1590.97,130000,0,0
1748112860776,0,0,0,0,0,0,0,0,0,1591.13,130000,0,0
1748112861031,0,0,0,0,0,0,0,0,0,1590.37,130000,0,0
1748112861288,0,0,0,0,0,0,0,0,0,1589.68,130000,0,0
1748112861548,0,0,0,0,0,0,0,0,0,1589.26,130000,0,0
1748112861805,0,0,0,0,0,0,0,0,0,1588.83,130000,0,0
1748112862064,0,0,0,0,0,0,0,0,0,1587.51,130000,0,0
1748112862324,0,0,0,0,0,0,0,0,0,1588.25,130000,0,0
1748112862594,0,0,0,0,0,0,0,0,0,1587.38,130000,0,0
1748112862850,0,0,0,0,0,0,0,0,0,1586.33,130000,0,0
1748112863109,0,0,0,0,0,0,0,0,0,1585.02,130000,0,0
1748112863364,0,0,0,0,0,0,0,0,0,1584.62,130000,0,0
1748112863631,0,0,0,0,0,0,0,0,0,1584.54,130000,0,0
1748112863893,0,0,0,0,0,0,0,0,0,1584.39,130000,0,0
1748112864170,0,0,0,0,0,0,0,0,0,1583.67,130000,0,0
1748112864436,0,0,0,0,0,0,0,0,0,1582.52,130000,0,0
1748112864700,0,0,0,0,0,0,0,0,0,1582.19,130000,0,0
1748112864975,0,0,0,0,0,0,0,0,0,1583.18,130000,0,0
1748112865250,0,0,0,0,0,0,0,0,0,1584.16,130000,0,0
1748112865531,0,0,0,0,0,0,0,0,0,1584.95,130000,0,0
1748112865810,0,0,0,0,0,0,0,0,0,1599.69,130000,0,0
1748112866078,0,0,0,0,0,0,0,0,0,1600.43,130000,0,0
1748112866339,0,0,0,0,0,0,0,0,0,1601.54,130000,0,0
1748112866603,0,0,0,0,0,0,0,0,0,1601.97,130000,0,0
1748112866868,0,0,0,0,0,0,0,0,0,1603.38,130000,0,0
1748112867130,0,0,0,0,0,0,0,0,0,1602.94,130000,0,0
1748112867395,0,0,0,0,0,0,0,0,0,1603.61,130000,0,0
1748112867678,0,0,0,0,0,0,0,0,0,1604.27,130000,0,0
1748112867940,0,0,0,0,0,0,0,0,0,1603.65,130000,0,0
1748112868200,0,0,0,0,0,0,0,0,0,1601.64,130000,0,0
1748112868461,0,0,0,0,0,0,0,0,0,1600.61,130000,0,0
1748112868724,0,0,0,0,0,0,0,0,0,1598.37,130000,0,0
1748112868991,0,0,0,0,0,0,0,0,0,1597.41,130000,0,0
1748112869252,0,0,0,0,0,0,0,0,0,1597,130000,0,0
1748112869509,0,0,0,0,0,0,0,0,0,1595.99,130000,0,0
1748112869765,0,0,0,0,0,0,0,0,0,1595.46,130000,0,0
1748112870035,0,0,0,0,0,0,0,0,0,1594.46,130000,0,0
1748112870291,0,0,0,0,0,0,0,0,0,1594.35,130000,0,0
1748112870562,0,0,0,0,0,0,0,0,0,1592.7,130000,0,0
1748112870825,0,0,0,0,0,0,0,0,0,1590.42,130000,0,0
1748112871087,0,0,0,0,0,0,0,0,0,1588.55,130000,0,0
1748112871363,0,0,0,0,0,0,0,0,0,1586.7,130000,0,0
1748112871624,0,0,0,0,0,0,0,0,0,1585.03,130000,0,0
1748112871886,0,0,0,0,0,0,0,0,0,1583.13,130000,0,0
1748112872146,0,0,0,0,0,0,0,0,0,1581.3,130000,0,0
1748112872408,0,0,0,0,0,0,0,0,0,1579.65,130000,0,0
1748112872683,0,0,0,0,0,0,0,0,0,1577.38,130000,0,0
1748112872948,0,0,0,0,0,0,0,0,0,1577.26,130000,0,0
1748112873226,0,0,0,0,0,0,0,0,0,1576.56,130000,0,0
1748112873501,0,0,0,0,0,0,0,0,0,1577.96,130000,0,0
1748112873763,0,0,0,0,0,0,0,0,0,1578.87,130000,0,0
1748112874042,0,0,0,0,0,0,0,0,0,1580.36,130000,0,0
1748112874305,0,0,0,0,0,0,0,0,0,1580.7,130000,0,0
1748112874569,0,0,0,0,0,0,0,0,0,1580,130000,0,0
1748112874834,0,0,0,0,0,0,0,0,0,1580.62,130000,0,0
1748112875099,0,0,0,0,0,0,0,0,0,1581.46,130000,0,0
1748112875379,0,0,0,0,0,0,0,0,0,1582.25,130000,0,0
1748112875642,0,0,0,0,0,0,0,0,0,1583.08,130000,0,0
1748112875904,0,0,0,0,0,0,0,0,0,1583.23,130000,0,0
1748112876168,0,0,0,0,0,0,0,0,0,1581.63,130000,0,0
1748112876435,0,0,0,0,0,0,0,0,0,1581.96,130000,0,0
1748112876715,0,0,0,0,0,0,0,0,0,1582.85,130000,0,0
1748112876977,0,0,0,0,0,0,0,0,0,1583.5,130000,0,0
1748112877238,0,0,0,0,0,0,0,0,0,1584.43,130000,0,0
1748112877500,0,0,0,0,0,0,0,0,0,1583.46,130000,0,0
1748112877764,0,0,0,0,0,0,0,0,0,1583.06,130000,0,0
1748112878026,0,0,0,0,0,0,0,0,0,1583.98,130000,0,0
1748112878291,0,0,0,0,0,0,0,0,0,1584.96,130000,0,0
1748112878554,0,0,0,0,0,0,0,0,0,1585.49,130000,0,0
1748112878819,0,0,0,0,0,0,0,0,0,1586.23,130000,0,0
1748112879083,0,0,0,0,0,0,0,0,0,1585.55,130000,0,0
1748112879349,0,0,0,0,0,0,0,0,0,1586.29,130000,0,0
1748112879604,0,0,0,0,0,0,0,0,0,1650.16,130000,0,0
1748112879869,0,0,0,0,0,0,0,0,0,1650.82,130000,0,0
1748112880133,0,0,0,0,0,0,0,0,0,1668.3,130000,0,0
1748112880395,0,0,0,0,0,0,0,0,0,1666.79,130000,0,0
1748112880656,0,0,0,0,0,0,0,0,0,1664.91,130000,0,0
1748112880918,0,0,0,0,0,0,0,0,0,1663.37,130000,0,0
1748112881179,0,0,0,0,0,0,0,0,0,1661.66,130000,0,0
1748112881441,0,0,0,0,0,0,0,0,0,1660.29,130000,0,0
1748112881718,0,0,0,0,0,0,0,0,0,1658.14,130000,0,0
1748112881983,0,0,0,0,0,0,0,0,0,1657.37,130000,0,0
1748112882247,0,0,0,0,0,0,0,0,0,1655.75,130000,0,0
1748112882510,0,0,0,0,0,0,0,0,0,1654.78,130000,0,0
1748112882771,0,0,0,0,0,0,0,0,0,1654.02,130000,0,0
1748112883033,0,0,0,0,0,0,0,0,0,1653.06,130000,0,0
1748112883294,0,0,0,0,0,0,0,0,0,1652.31,130000,0,0
1748112883556,0,0,0,0,0,0,0,0,0,1650.5,130000,0,0
1748112883833,0,0,0,0,0,0,0,0,0,1648.6,130000,0,0
1748112884094,0,0,0,0,0,0,0,0,0,1720.82,130000,0,0
1748112884354,0,0,0,0,0,0,0,0,0,1719.83,130000,0,0
1748112884617,0,0,0,0,0,0,0,0,0,1717.85,130000,0,0
1748112884877,0,0,0,0,0,0,0,0,0,1715.82,130000,0,0
1748112885154,0,0,0,0,0,0,0,0,0,1713.22,130000,0,0
1748112885419,0,0,0,0,0,0,0,0,0,1714.03,130000,0,0
1748112885680,0,0,0,0,0,0,0,0,0,1713.89,130000,0,0
1748112885943,0,0,0,0,0,0,0,0,0,1714.75,130000,0,0
1748112886205,0,0,0,0,0,0,0,0,0,1714.15,130000,0,0
1748112886469,0,0,0,0,0,0,0,0,0,1714.63,130000,0,0
1748112886734,0,0,0,0,0,0,0,0,0,1714.86,130000,0,0
1748112887004,0,0,0,0,0,0,0,0,0,1714.16,130000,0,0
1748112887260,0,0,0,0,0,0,0,0,0,1714.95,130000,0,0
1748112887523,0,0,0,0,0,0,0,0,0,1714.67,130000,0,0
1748112887786,0,0,0,0,0,0,0,0,0,1712.9,130000,0,0
1748112888045,0,0,0,0,0,0,0,0,0,1713.07,130000,0,0
1748112888308,0,0,0,0,0,0,0,0,0,1713.25,130000,0,0
1748112888586,0,0,0,0,0,0,0,0,0,1711.13,130000,0,0
1748112888846,0,0,0,0,0,0,0,0,0,1709.59,130000,0,0
1748112889123,0,0,0,0,0,0,0,0,0,1708.2,130000,0,0
1748112889384,0,0,0,0,0,0,0,0,0,1706.77,130000,0,0
1748112889645,0,0,0,0,0,0,0,0,0,1705.14,130000,0,0
1748112889908,0,0,0,0,0,0,0,0,0,1703.62,130000,0,0
1748112890169,0,0,0,0,0,0,0,0,0,1702.06,130000,0,0
1748112890428,0,0,0,0,0,0,0,0,0,1700.45,130000,0,0
1748112890690,0,0,0,0,0,0,0,0,0,1699.4,130000,0,0
1748112890951,0,0,0,0,0,0,0,0,0,1697.46,130000,0,0
1748112891215,0,0,0,0,0,0,0,0,0,1695.72,130000,0,0
1748112891476,0,0,0,0,0,0,0,0,0,1694.09,130000,0,0
1748112891738,0,0,0,0,0,0,0,0,0,1692.16,130000,0,0
1748112892001,0,0,0,0,0,0,0,0,0,1690.64,130000,0,0
1748112892262,0,0,0,0,0,0,0,0,0,1689.23,130000,0,0
1748112892525,0,0,0,0,0,0,0,0,0,1687.18,130000,0,0
1748112892786,0,0,0,0,0,0,0,0,0,1685.43,130000,0,0
1748112893047,0,0,0,0,0,0,0,0,0,1684.18,130000,0,0
1748112893323,0,0,0,0,0,0,0,0,0,1681.92,130000,0,0
1748112893587,0,0,0,0,0,0,0,0,0,1681.91,130000,0,0
1748112893850,0,0,0,0,0,0,0,0,0,1682.43,130000,0,0
1748112894114,0,0,0,0,0,0,0,0,0,1683.78,130000,0,0
1748112894390,0,0,0,0,0,0,0,0,0,1684.88,130000,0,0
1748112894670,0,0,0,0,0,0,0,0,0,1698.4,130000,0,0
1748112894935,0,0,0,0,0,0,0,0,0,1700.92,130000,0,0
1748112895212,0,0,0,0,0,0,0,0,0,1701.55,130000,0,0
1748112895473,0,0,0,0,0,0,0,0,0,1700.29,130000,0,0
1748112895736,0,0,0,0,0,0,0,0,0,1698.51,130000,0,0
1748112895998,0,0,0,0,0,0,0,0,0,1696.69,130000,0,0
1748112896260,0,0,0,0,0,0,0,0,0,1695.02,130000,0,0
1748112896520,0,0,0,0,0,0,0,0,0,1693.5,130000,0,0
1748112896797,0,0,0,0,0,0,0,0,0,1693.32,130000,0,0
1748112897061,0,0,0,0,0,0,0,0,0,1692.09,130000,0,0
1748112897338,0,0,0,0,0,0,0,0,0,1690.35,130000,0,0
1748112897600,0,0,0,0,0,0,0,0,0,1688.66,130000,0,0
1748112897863,0,0,0,0,0,0,0,0,0,1687.97,130000,0,0
1748112898124,0,0,0,0,0,0,0,0,0,1686.34,130000,0,0
1748112898386,0,0,0,0,0,0,0,0,0,1684.95,130000,0,0
1748112898649,0,0,0,0,0,0,0,0,0,1691.9,130000,0,0
1748112898912,0,0,0,0,0,0,0,0,0,1690.74,130000,0,0
1748112899174,0,0,0,0,0,0,0,0,0,1699.77,130000,0,0
1748112899436,0,0,0,0,0,0,0,0,0,1698.41,130000,0,0
1748112899697,0,0,0,0,0,0,0,0,0,1705.19,130000,0,0
1748112899958,0,0,0,0,0,0,0,0,0,1703.64,130000,0,0
1748112900234,0,0,0,0,0,0,0,0,0,1702,130000,0,0
1748112900499,0,0,0,0,0,0,0,0,0,1702.74,130000,0,0
1748112900772,0,0,0,0,0,0,0,0,0,1702.5,130000,0,0
1748112901041,0,0,0,0,0,0,0,0,0,1701.53,130000,0,0
1748112901305,0,0,0,0,0,0,0,0,0,1700.14,130000,0,0
1748112901584,0,0,0,0,0,0,0,0,0,1698.99,130000,0,0
1748112901847,0,0,0,0,0,0,0,0,0,1697.97,130000,0,0
1748112902110,0,0,0,0,0,0,0,0,0,1697.2,130000,0,0
1748112902391,0,0,0,0,0,0,0,0,0,1695.78,130000,0,0
1748112902654,0,0,0,0,0,0,0,0,0,1693.96,130000,0,0
1748112902917,0,0,0,0,0,0,0,0,0,1693.47,130000,0,0
1748112903179,0,0,0,0,0,0,0,0,0,1692.34,130000,0,0
1748112903439,0,0,0,0,0,0,0,0,0,1690.94,130000,0,0
1748112903703,0,0,0,0,0,0,0,0,0,1689.46,130000,0,0
1748112903981,0,0,0,0,0,0,0,0,0,1688.07,130000,0,0
1748112904243,0,0,0,0,0,0,0,0,0,1686.46,130000,0,0
1748112904503,0,0,0,0,0,0,0,0,0,1685.13,130000,0,0
1748112904764,0,0,0,0,0,0,0,0,0,1685.61,130000,0,0
1748112905026,0,0,0,0,0,0,0,0,0,1684.2,130000,0,0
1748112905288,0,0,0,0,0,0,0,0,0,1682.92,130000,0,0
1748112905551,0,0,0,0,0,0,0,0,0,1681.38,130000,0,0
1748112905827,0,0,0,0,0,0,0,0,0,1680.13,130000,0,0
1748112906089,0,0,0,0,0,0,0,0,0,1678.87,130000,0,0
1748112906350,0,0,0,0,0,0,0,0,0,1677.43,130000,0,0
1748112906613,0,0,0,0,0,0,0,0,0,1676.09,130000,0,0
1748112906873,0,0,0,0,0,0,0,0,0,1674.89,130000,0,0
1748112907148,0,0,0,0,0,0,0,0,0,1673.38,130000,0,0
1748112907411,0,0,0,0,0,0,0,0,0,1671.57,130000,0,0
1748112907673,0,0,0,0,0,0,0,0,0,1670.03,130000,0,0
1748112907943,0,0,0,0,0,0,0,0,0,1685.75,130000,0,0
1748112908201,0,0,0,0,0,0,0,0,0,1686.26,130000,0,0
1748112908463,0,0,0,0,0,0,0,0,0,1686.63,130000,0,0
1748112908724,0,0,0,0,0,0,0,0,0,1691.27,130000,0,0
1748112908990,0,0,0,0,0,0,0,0,0,1691.72,130000,0,0
1748112909251,0,0,0,0,0,0,0,0,0,1692.57,130000,0,0
1748112909518,0,0,0,0,0,0,0,0,0,1693.19,130000,0,0
1748112909780,0,0,0,0,0,0,0,0,0,1693.33,130000,0,0
1748112910041,0,0,0,0,0,0,0,0,0,1694.35,130000,0,0
1748112910306,0,0,0,0,0,0,0,0,0,1695.01,130000,0,0
1748112910568,0,0,0,0,0,0,0,0,0,1694.97,130000,0,0
1748112910832,0,0,0,0,0,0,0,0,0,1696.02,130000,0,0
1748112911111,0,0,0,0,0,0,0,0,0,1696.5,130000,0,0
1748112911372,0,0,0,0,0,0,0,0,0,1695.65,130000,0,0
1748112911633,0,0,0,0,0,0,0,0,0,1694.02,130000,0,0
1748112911895,0,0,0,0,0,0,0,0,0,1693,130000,0,0
1748112912158,0,0,0,0,0,0,0,0,0,1692.11,130000,0,0
1748112912422,0,0,0,0,0,0,0,0,0,1690.37,130000,0,0
1748112912685,0,0,0,0,0,0,0,0,0,1698.16,130000,0,0
1748112912945,0,0,0,0,0,0,0,0,0,1696.67,130000,0,0
1748112913205,0,0,0,0,0,0,0,0,0,1695.15,130000,0,0
1748112913466,0,0,0,0,0,0,0,0,0,1694.05,130000,0,0
1748112913728,0,0,0,0,0,0,0,0,0,1692.32,130000,0,0
1748112913992,0,0,0,0,0,0,0,0,0,1690.81,130000,0,0
1748112914248,0,0,0,0,0,0,0,0,0,1689.6,130000,0,0
1748112914511,0,0,0,0,0,0,0,0,0,1688.35,130000,0,0
1748112914771,0,0,0,0,0,0,0,0,0,1687.23,130000,0,0
1748112915032,0,0,0,0,0,0,0,0,0,1685.91,130000,0,0
1748112915295,0,0,0,0,0,0,0,0,0,1684.29,130000,0,0
1748112915557,0,0,0,0,0,0,0,0,0,1683.69,130000,0,0
1748112915821,0,0,0,0,0,0,0,0,0,1683.51,130000,0,0
1748112916082,0,0,0,0,0,0,0,0,0,1682.87,130000,0,0
1748112916343,0,0,0,0,0,0,0,0,0,1720.82,130000,0,0
1748112916610,0,0,0,0,0,0,0,0,0,7821.23,1.27146e+07,0,0
1748112916905,0,0,0,0,0,0,0,0,0,8484.08,1.27146e+07,0,0
1748112917170,0,0,0,0,0,0,0,0,0,8906.76,1.27146e+07,0,0
1748112917443,0,0,0,0,0,0,0,0,0,9814.24,1.27146e+07,0,0
1748112917718,0,0,0,0,0,0,0,0,0,12137.9,1.27146e+07,0,0
1748112917990,0,0,0,0,0,0,0,0,0,12123.3,1.27146e+07,0,0
1748112918262,0,0,0,0,0,0,0,0,0,12901.1,1.27146e+07,0,0
1748112918521,0,0,0,0,0,0,0,0,0,12881.5,1.27146e+07,0,0
1748112918788,0,0,0,0,0,0,0,0,0,12862.1,1.27146e+07,0,0
1748112919044,0,0,0,0,0,0,0,0,0,12874.4,1.27146e+07,0,0
1748112919300,0,0,0,0,0,0,0,0,0,12855.8,1.27146e+07,0,0
1748112919565,0,0,0,0,0,0,0,0,0,12837.1,1.27146e+07,0,0
1748112919827,0,0,0,0,0,0,0,0,0,12818.2,1.27146e+07,0,0
1748112920088,0,0,0,0,0,0,0,0,0,12815.6,1.27146e+07,0,0
1748112920366,0,0,0,0,0,0,0,0,0,12796.7,1.27146e+07,0,0
1748112920625,0,0,0,0,0,0,0,0,0,12777.6,1.27146e+07,0,0
1748112920880,0,0,0,0,0,0,0,0,0,12759.7,1.27146e+07,0,0
1748112921145,0,0,0,0,0,0,0,0,0,12736.5,1.27146e+07,0,0
1748112921425,0,0,0,0,0,0,0,0,0,12712.8,1.27146e+07,0,0
1748112921685,0,0,0,0,0,0,0,0,0,12693.8,1.27146e+07,0,0
1748112921946,0,0,0,0,0,0,0,0,0,12674.9,1.27146e+07,0,0
1748112922223,0,0,0,0,0,0,0,0,0,12656.2,1.27146e+07,0,0
1748112922485,0,0,0,0,0,0,0,0,0,12637.3,1.27146e+07,0,0
1748112922745,0,0,0,0,0,0,0,0,0,12618.5,1.27146e+07,0,0
1748112923008,0,0,0,0,0,0,0,0,0,12599.4,1.27146e+07,0,0
1748112923270,0,0,0,0,0,0,0,0,0,12580.8,1.27146e+07,0,0
1748112923539,0,0,0,0,0,0,0,0,0,17783,1.27146e+07,0,0
1748112923866,0,0,0,0,0,0,0,0,0,18146.8,1.27146e+07,0,0
1748112924190,0,0,0,0,0,0,0,0,0,22260.7,1.27146e+07,0,0
1748112924521,0,0,0,0,0,0,0,0,0,26515.6,1.27146e+07,0,0
1748112924781,0,0,0,0,0,0,0,0,0,34760,1.28484e+07,0,0
1748112925063,0,0,0,0,0,0,0,0,0,34707,1.28484e+07,0,0
1748112925324,0,0,0,0,0,0,0,0,0,34653.9,1.28484e+07,0,0
1748112925585,0,0,0,0,0,0,0,0,0,34600.7,1.28484e+07,0,0
1748112925863,0,0,0,0,0,0,0,0,0,34534.7,1.28484e+07,0,0
1748112926124,0,0,0,0,0,0,0,0,0,34481.9,1.28484e+07,0,0
1748112926384,0,0,0,0,0,0,0,0,0,34429.1,1.28484e+07,0,0
1748112926648,0,0,0,0,0,0,0,0,0,34376.5,1.28484e+07,0,0
1748112926926,0,0,0,0,0,0,0,0,0,34324,1.28484e+07,0,0
1748112927204,0,0,0,0,0,0,0,0,0,34259.1,1.28484e+07,0,0
1748112927465,0,0,0,0,0,0,0,0,0,34207.2,1.28484e+07,0,0
1748112927725,0,0,0,0,0,0,0,0,0,34155.5,1.28484e+07,0,0
1748112927988,0,0,0,0,0,0,0,0,0,34116.8,1.28484e+07,0,0
1748112928250,0,0,0,0,0,0,0,0,0,34065.5,1.28484e+07,0,0
1748112928512,0,0,0,0,0,0,0,0,0,34014.1,1.28484e+07,0,0
1748112928774,0,0,0,0,0,0,0,0,0,33962.9,1.28484e+07,0,0
1748112929050,0,0,0,0,0,0,0,0,0,33899.4,1.28484e+07,0,0
1748112929310,0,0,0,0,0,0,0,0,0,33849.1,1.28484e+07,0,0
1748112929573,0,0,0,0,0,0,0,0,0,33798.1,1.28484e+07,0,0
1748112929839,0,0,0,0,0,0,0,0,0,33747.7,1.28484e+07,0,0
1748112930109,0,0,0,0,0,0,0,0,0,34824.8,1.28484e+07,0,0
1748112930437,0,0,0,0,0,0,0,0,0,35006.5,1.28484e+07,0,0
1748112930739,0,0,0,0,0,0,0,0,0,35909,1.28484e+07,0,0
1748112931000,0,0,0,0,0,0,0,0,0,35856.1,1.28484e+07,0,0
1748112931261,0,0,0,0,0,0,0,0,0,35803.2,1.28484e+07,0,0
1748112931524,0,0,0,0,0,0,0,0,0,35750.3,1.28484e+07,0,0
1748112931800,0,0,0,0,0,0,0,0,0,35697.5,1.28484e+07,0,0
1748112932062,0,0,0,0,0,0,0,0,0,35631.5,1.28484e+07,0,0
1748112932324,0,0,0,0,0,0,0,0,0,35578.8,1.28484e+07,0,0
1748112932584,0,0,0,0,0,0,0,0,0,35526.3,1.28484e+07,0,0
1748112932848,0,0,0,0,0,0,0,0,0,35474.4,1.28484e+07,0,0
1748112933112,0,0,0,0,0,0,0,0,0,35409.2,1.28484e+07,0,0
1748112933374,0,0,0,0,0,0,0,0,0,35357.3,1.28484e+07,0,0
1748112933634,0,0,0,0,0,0,0,0,0,35305.5,1.28484e+07,0,0
1748112933896,0,0,0,0,0,0,0,0,0,35253.9,1.28484e+07,0,0
1748112934158,0,0,0,0,0,0,0,0,0,35202.5,1.28484e+07,0,0
1748112934435,0,0,0,0,0,0,0,0,0,35151.6,1.28484e+07,0,0
1748112934695,0,0,0,0,0,0,0,0,0,35100.6,1.28484e+07,0,0
1748112934956,0,0,0,0,0,0,0,0,0,35049.7,1.28484e+07,0,0
1748112935218,0,0,0,0,0,0,0,0,0,34986.3,1.28484e+07,0,0
1748112935493,0,0,0,0,0,0,0,0,0,34935.6,1.28484e+07,0,0
1748112935770,0,0,0,0,0,0,0,0,0,34885.1,1.28484e+07,0,0
1748112936034,0,0,0,0,0,0,0,0,0,42174.6,1.40037e+07,0,0
1748112936313,0,0,0,0,0,0,0,0,0,49893.7,1.40037e+07,0,0
1748112936633,0,0,0,0,0,0,0,0,0,51408,1.40037e+07,0,0
1748112936945,0,0,0,0,0,0,0,0,0,51360.6,1.40037e+07,0,0
1748112937249,0,0,0,0,0,0,0,0,0,51554,1.40037e+07,0,0
1748112937524,0,0,0,0,0,0,0,0,0,51581.8,1.40037e+07,0,0
1748112937801,0,0,0,0,0,0,0,0,0,51508.1,1.40037e+07,0,0
1748112938064,0,0,0,0,0,0,0,0,0,51434,1.40037e+07,0,0
1748112938326,0,0,0,0,0,0,0,0,0,51360.3,1.40037e+07,0,0
1748112938603,0,0,0,0,0,0,0,0,0,51286.6,1.40037e+07,0,0
1748112938863,0,0,0,0,0,0,0,0,0,51213.4,1.40037e+07,0,0
1748112939128,0,0,0,0,0,0,0,0,0,51140.5,1.40037e+07,0,0
1748112939389,0,0,0,0,0,0,0,0,0,51067.4,1.40037e+07,0,0
1748112939665,0,0,0,0,0,0,0,0,0,50995.2,1.40037e+07,0,0
1748112939940,0,0,0,0,0,0,0,0,0,50904.8,1.40037e+07,0,0
1748112940201,0,0,0,0,0,0,0,0,0,50832.8,1.40037e+07,0,0
1748112940466,0,0,0,0,0,0,0,0,0,50760.9,1.40037e+07,0,0
1748112940730,0,0,0,0,0,0,0,0,0,50688.9,1.40037e+07,0,0
1748112940993,0,0,0,0,0,0,0,0,0,50617.4,1.40037e+07,0,0
1748112941258,0,0,0,0,0,0,0,0,0,50546.5,1.40037e+07,0,0
1748112941519,0,0,0,0,0,0,0,0,0,50475,1.40037e+07,0,0
1748112941781,0,0,0,0,0,0,0,0,0,50404.1,1.40037e+07,0,0
1748112942042,0,0,0,0,0,0,0,0,0,50333.2,1.40037e+07,0,0
1748112942303,0,0,0,0,0,0,0,0,0,50263,1.40037e+07,0,0
1748112942563,0,0,0,0,0,0,0,0,0,50192.4,1.40037e+07,0,0
1748112942841,0,0,0,0,0,0,0,0,0,50393.8,1.40037e+07,0,0
1748112943122,0,0,0,0,0,0,0,0,0,52763.5,1.40037e+07,0,0
1748112943392,0,0,0,0,0,0,0,0,0,57705.9,1.41534e+07,0,0
1748112943714,0,0,0,0,0,0,0,0,0,57614,1.41534e+07,0,0
1748112944015,0,0,0,0,0,0,0,0,0,57678.3,1.41534e+07,0,0
1748112944278,0,0,0,0,0,0,0,0,0,57768.3,1.41534e+07,0,0
1748112944554,0,0,0,0,0,0,0,0,0,57690.7,1.41534e+07,0,0
1748112944820,0,0,0,0,0,0,0,0,0,59651,1.41534e+07,0,0
1748112945082,0,0,0,0,0,0,0,0,0,59568.7,1.41534e+07,0,0
1748112945345,0,0,0,0,0,0,0,0,0,59486.3,1.41534e+07,0,0
1748112945607,0,0,0,0,0,0,0,0,0,59383.5,1.41534e+07,0,0
1748112945883,0,0,0,0,0,0,0,0,0,59301.5,1.41534e+07,0,0
1748112946163,0,0,0,0,0,0,0,0,0,59219.8,1.41534e+07,0,0
1748112946440,0,0,0,0,0,0,0,0,0,59138.7,1.41534e+07,0,0
1748112946719,0,0,0,0,0,0,0,0,0,59036.9,1.41534e+07,0,0
1748112946983,0,0,0,0,0,0,0,0,0,58955.8,1.41534e+07,0,0
1748112947248,0,0,0,0,0,0,0,0,0,58875.5,1.41534e+07,0,0
1748112947509,0,0,0,0,0,0,0,0,0,58794.8,1.41534e+07,0,0
1748112947772,0,0,0,0,0,0,0,0,0,58714.5,1.41534e+07,0,0
1748112948032,0,0,0,0,0,0,0,0,0,58634.3,1.41534e+07,0,0
1748112948312,0,0,0,0,0,0,0,0,0,58534.3,1.41534e+07,0,0
1748112948574,0,0,0,0,0,0,0,0,0,58454.8,1.41534e+07,0,0
1748112948837,0,0,0,0,0,0,0,0,0,58375.5,1.41534e+07,0,0
1748112949097,0,0,0,0,0,0,0,0,0,58296.5,1.41534e+07,0,0
1748112949374,0,0,0,0,0,0,0,0,0,58218.1,1.41534e+07,0,0
1748112949653,0,0,0,0,0,0,0,0,0,58139.3,1.41534e+07,0,0
1748112949923,0,0,0,0,0,0,0,0,0,59768.2,1.41534e+07,0,0
1748112950226,0,0,0,0,0,0,0,0,0,61182.9,1.41534e+07,0,0
1748112950547,0,0,0,0,0,0,0,0,0,70315.2,1.41534e+07,0,0
1748112950881,0,0,0,0,0,0,0,0,0,71325,1.41534e+07,0,0
1748112951200,0,0,0,0,0,0,0,0,0,76997.6,1.41534e+07,0,0
1748112951507,0,0,0,0,0,0,0,0,0,77653.8,1.41534e+07,0,0
1748112951817,0,0,0,0,0,0,0,0,0,78678.1,1.41534e+07,0,0
1748112952134,0,0,0,0,0,0,0,0,0,83785.8,1.41534e+07,0,0
1748112952459,0,0,0,0,0,0,0,0,0,91505.8,1.41534e+07,0,0
1748112952747,0,0,0,0,0,0,0,0,0,93712.5,1.41534e+07,0,0
1748112953071,0,0,0,0,0,0,0,0,0,96907,1.41534e+07,0,0
1748112953391,0,0,0,0,0,0,0,0,0,99794,1.41534e+07,0,0
1748112953647,0,0,0,0,0,0,0,0,0,106408,1.41534e+07,0,0
1748112953969,0,0,0,0,0,0,0,0,0,110062,1.41534e+07,0,0
1748112954258,0,0,0,0,0,0,0,0,0,119305,1.41534e+07,0,0
1748112954533,0,0,0,0,0,0,0,0,0,119147,1.41534e+07,0,0
1748112954798,0,0,0,0,0,0,0,0,0,118989,1.41534e+07,0,0
1748112955076,0,0,0,0,0,0,0,0,0,118831,1.41534e+07,0,0
1748112955351,0,0,0,0,0,0,0,0,0,118674,1.41534e+07,0,0
1748112955614,0,0,0,0,0,0,0,0,0,118518,1.41534e+07,0,0
1748112955877,0,0,0,0,0,0,0,0,0,118361,1.41534e+07,0,0
1748112956137,0,0,0,0,0,0,0,0,0,118166,1.41534e+07,0,0
1748112956397,0,0,0,0,0,0,0,0,0,118011,1.41534e+07,0,0
1748112956658,0,0,0,0,0,0,0,0,0,117856,1.41534e+07,0,0
1748112956920,0,0,0,0,0,0,0,0,0,117701,1.41534e+07,0,0
1748112957181,0,0,0,0,0,0,0,0,0,117547,1.41534e+07,0,0
1748112957444,0,0,0,0,0,0,0,0,0,117394,1.41534e+07,0,0
1748112957699,0,0,0,0,0,0,0,0,0,117240,1.41534e+07,0,0
1748112957963,0,0,0,0,0,0,0,0,0,117087,1.41534e+07,0,0
1748112958225,0,0,0,0,0,0,0,0,0,116935,1.41534e+07,0,0
1748112958486,0,0,0,0,0,0,0,0,0,116783,1.41534e+07,0,0
1748112958746,0,0,0,0,0,0,0,0,0,116632,1.41534e+07,0,0
1748112959007,0,0,0,0,0,0,0,0,0,116480,1.41534e+07,0,0
1748112959267,0,0,0,0,0,0,0,0,0,116329,1.41534e+07,0,0
1748112959532,0,0,0,0,0,0,0,0,0,116180,1.41534e+07,0,0
1748112959809,0,0,0,0,0,0,0,0,0,115993,1.41534e+07,0,0
1748112960068,0,0,0,0,0,0,0,0,0,115847,1.41534e+07,0,0
1748112960338,0,0,0,0,0,0,0,0,0,115699,1.41534e+07,0,0
1748112960605,0,0,0,0,0,0,0,0,0,115551,1.41534e+07,0,0
1748112960870,0,0,0,0,0,0,0,0,0,115403,1.41534e+07,0,0
1748112961131,0,0,0,0,0,0,0,0,0,115256,1.41534e+07,0,0
1748112961409,0,0,0,0,0,0,0,0,0,115108,1.41534e+07,0,0
1748112961676,0,0,0,0,0,0,0,0,0,114925,1.41534e+07,0,0
1748112961940,0,0,0,0,0,0,0,0,0,114778,1.41534e+07,0,0
1748112962208,0,0,0,0,0,0,0,0,0,114633,1.41534e+07,0,0
1748112962470,0,0,0,0,0,0,0,0,0,114487,1.41534e+07,0,0
1748112962732,0,0,0,0,0,0,0,0,0,114341,1.41534e+07,0,0
1748112963007,0,0,0,0,0,0,0,0,0,114159,1.41534e+07,0,0
1748112963267,0,0,0,0,0,0,0,0,0,114014,1.41534e+07,0,0
1748112963528,0,0,0,0,0,0,0,0,0,113870,1.41534e+07,0,0
1748112963807,0,0,0,0,0,0,0,0,0,113725,1.41534e+07,0,0
1748112964067,0,0,0,0,0,0,0,0,0,113582,1.41534e+07,0,0
1748112964322,0,0,0,0,0,0,0,0,0,113438,1.41534e+07,0,0
1748112964589,0,0,0,0,0,0,0,0,0,113295,1.41534e+07,0,0
1748112964848,0,0,0,0,0,0,0,0,0,113158,1.41534e+07,0,0
1748112965108,0,0,0,0,0,0,0,0,0,113016,1.41534e+07,0,0
1748112965371,0,0,0,0,0,0,0,0,0,112874,1.41534e+07,0,0
1748112965631,0,0,0,0,0,0,0,0,0,112732,1.41534e+07,0,0
1748112965891,0,0,0,0,0,0,0,0,0,112591,1.41534e+07,0,0
1748112966151,0,0,0,0,0,0,0,0,0,112450,1.41534e+07,0,0
1748112966413,0,0,0,0,0,0,0,0,0,112309,1.41534e+07,0,0
1748112966684,0,0,0,0,0,0,0,0,0,112134,1.41534e+07,0,0
1748112966949,0,0,0,0,0,0,0,0,0,111994,1.41534e+07,0,0
1748112967212,0,0,0,0,0,0,0,0,0,111855,1.41534e+07,0,0
1748112967483,0,0,0,0,0,0,0,0,0,112453,1.41534e+07,0,0
1748112967759,0,0,0,0,0,0,0,0,0,114240,1.41534e+07,0,0
1748112968068,0,0,0,0,0,0,0,0,0,116347,1.41534e+07,0,0
1748112968340,0,0,0,0,0,0,0,0,0,117729,1.41534e+07,0,0
1748112968617,0,0,0,0,0,0,0,0,0,120061,1.41534e+07,0,0
1748112968879,0,0,0,0,0,0,0,0,0,119913,1.41534e+07,0,0
1748112969157,0,0,0,0,0,0,0,0,0,119765,1.41534e+07,0,0
1748112969418,0,0,0,0,0,0,0,0,0,119618,1.41534e+07,0,0
1748112969693,0,0,0,0,0,0,0,0,0,119434,1.41534e+07,0,0
1748112969953,0,0,0,0,0,0,0,0,0,119287,1.41534e+07,0,0
1748112970215,0,0,0,0,0,0,0,0,0,119140,1.41534e+07,0,0
1748112970492,0,0,0,0,0,0,0,0,0,118994,1.41534e+07,0,0
1748112970757,0,0,0,0,0,0,0,0,0,118849,1.41534e+07,0,0
1748112971019,0,0,0,0,0,0,0,0,0,118709,1.41534e+07,0,0
1748112971297,0,0,0,0,0,0,0,0,0,118564,1.41534e+07,0,0
1748112971557,0,0,0,0,0,0,0,0,0,118419,1.41534e+07,0,0
1748112971834,0,0,0,0,0,0,0,0,0,118239,1.41534e+07,0,0
1748112972110,0,0,0,0,0,0,0,0,0,118095,1.41534e+07,0,0
1748112972371,0,0,0,0,0,0,0,0,0,117952,1.41534e+07,0,0
1748112972635,0,0,0,0,0,0,0,0,0,117808,1.41534e+07,0,0
1748112972894,0,0,0,0,0,0,0,0,0,117666,1.41534e+07,0,0
1748112973159,0,0,0,0,0,0,0,0,0,117523,1.41534e+07,0,0
1748112973420,0,0,0,0,0,0,0,0,0,117381,1.41534e+07,0,0
1748112973689,0,0,0,0,0,0,0,0,0,117240,1.41534e+07,0,0
1748112973951,0,0,0,0,0,0,0,0,0,117354,1.41534e+07,0,0
1748112974218,0,0,0,0,0,0,0,0,0,117217,1.41534e+07,0,0
1748112974491,0,0,0,0,0,0,0,0,0,117043,1.41534e+07,0,0
1748112974756,0,0,0,0,0,0,0,0,0,116903,1.41534e+07,0,0
1748112975018,0,0,0,0,0,0,0,0,0,116763,1.41534e+07,0,0
1748112975279,0,0,0,0,0,0,0,0,0,116623,1.41534e+07,0,0
1748112975543,0,0,0,0,0,0,0,0,0,116519,1.41534e+07,0,0
1748112975803,0,0,0,0,0,0,0,0,0,116346,1.41534e+07,0,0
1748112976066,0,0,0,0,0,0,0,0,0,116217,1.41534e+07,0,0
1748112976326,0,0,0,0,0,0,0,0,0,116079,1.41534e+07,0,0
1748112976590,0,0,0,0,0,0,0,0,0,115941,1.41534e+07,0,0
1748112976847,0,0,0,0,0,0,0,0,0,115803,1.41534e+07,0,0
1748112977107,0,0,0,0,0,0,0,0,0,115667,1.41534e+07,0,0
1748112977372,0,0,0,0,0,0,0,0,0,115496,1.41534e+07,0,0
1748112977635,0,0,0,0,0,0,0,0,0,115360,1.41534e+07,0,0
1748112977898,0,0,0,0,0,0,0,0,0,115195,1.41534e+07,0,0
1748112978178,0,0,0,0,0,0,0,0,0,115060,1.41534e+07,0,0
1748112978441,0,0,0,0,0,0,0,0,0,114924,1.41534e+07,0,0
1748112978707,0,0,0,0,0,0,0,0,0,114788,1.41534e+07,0,0
1748112978969,0,0,0,0,0,0,0,0,0,114653,1.41534e+07,0,0
1748112979232,0,0,0,0,0,0,0,0,0,114519,1.41534e+07,0,0
1748112979495,0,0,0,0,0,0,0,0,0,114388,1.41534e+07,0,0
1748112979761,0,0,0,0,0,0,0,0,0,114296,1.41534e+07,0,0
1748112980020,0,0,0,0,0,0,0,0,0,114540,1.41534e+07,0,0
1748112980284,0,0,0,0,0,0,0,0,0,114406,1.41534e+07,0,0
1748112980546,0,0,0,0,0,0,0,0,0,114305,1.41534e+07,0,0
1748112980809,0,0,0,0,0,0,0,0,0,114139,1.41534e+07,0,0
1748112981071,0,0,0,0,0,0,0,0,0,114006,1.41534e+07,0,0
1748112981332,0,0,0,0,0,0,0,0,0,113874,1.41534e+07,0,0
1748112981594,0,0,0,0,0,0,0,0,0,113774,1.41534e+07,0,0
1748112981855,0,0,0,0,0,0,0,0,0,113642,1.41534e+07,0,0
1748112982116,0,0,0,0,0,0,0,0,0,113510,1.41534e+07,0,0
1748112982376,0,0,0,0,0,0,0,0,0,113379,1.41534e+07,0,0
1748112982638,0,0,0,0,0,0,0,0,0,113248,1.41534e+07,0,0
1748112982901,0,0,0,0,0,0,0,0,0,113084,1.41534e+07,0,0
1748112983164,0,0,0,0,0,0,0,0,0,112989,1.41534e+07,0,0
1748112983425,0,0,0,0,0,0,0,0,0,112859,1.41534e+07,0,0
1748112983701,0,0,0,0,0,0,0,0,0,112696,1.41534e+07,0,0
1748112983962,0,0,0,0,0,0,0,0,0,112566,1.41534e+07,0,0
1748112984222,0,0,0,0,0,0,0,0,0,112469,1.41534e+07,0,0
1748112984485,0,0,0,0,0,0,0,0,0,112340,1.41534e+07,0,0
1748112984745,0,0,0,0,0,0,0,0,0,112216,1.41534e+07,0,0
1748112985008,0,0,0,0,0,0,0,0,0,112056,1.41534e+07,0,0
1748112985271,0,0,0,0,0,0,0,0,0,111928,1.41534e+07,0,0
1748112985533,0,0,0,0,0,0,0,0,0,112948,1.41534e+07,0,0
1748112985812,0,0,0,0,0,0,0,0,0,112828,1.41534e+07,0,0
1748112986088,0,0,0,0,0,0,0,0,0,112699,1.41534e+07,0,0
1748112986350,0,0,0,0,0,0,0,0,0,112571,1.41534e+07,0,0
1748112986610,0,0,0,0,0,0,0,0,0,112443,1.41534e+07,0,0
1748112986873,0,0,0,0,0,0,0,0,0,112315,1.41534e+07,0,0
1748112987151,0,0,0,0,0,0,0,0,0,112188,1.41534e+07,0,0
1748112987412,0,0,0,0,0,0,0,0,0,112060,1.41534e+07,0,0
1748112987689,0,0,0,0,0,0,0,0,0,111941,1.41534e+07,0,0
1748112987952,0,0,0,0,0,0,0,0,0,111783,1.41534e+07,0,0
1748112988212,0,0,0,0,0,0,0,0,0,111688,1.41534e+07,0,0
1748112988477,0,0,0,0,0,0,0,0,0,111532,1.41534e+07,0,0
1748112988744,0,0,0,0,0,0,0,0,0,111407,1.41534e+07,0,0
1748112989004,0,0,0,0,0,0,0,0,0,111281,1.41534e+07,0,0
1748112989265,0,0,0,0,0,0,0,0,0,111156,1.41534e+07,0,0
1748112989525,0,0,0,0,0,0,0,0,0,111031,1.41534e+07,0,0
1748112989787,0,0,0,0,0,0,0,0,0,110907,1.41534e+07,0,0
1748112990049,0,0,0,0,0,0,0,0,0,110783,1.41534e+07,0,0
1748112990311,0,0,0,0,0,0,0,0,0,110663,1.41534e+07,0,0
1748112990586,0,0,0,0,0,0,0,0,0,110540,1.41534e+07,0,0
1748112990849,0,0,0,0,0,0,0,0,0,110425,1.41534e+07,0,0
1748112991115,0,0,0,0,0,0,0,0,0,110293,1.41534e+07,0,0
1748112991376,0,0,0,0,0,0,0,0,0,110173,1.41534e+07,0,0
1748112991645,0,0,0,0,0,0,0,0,0,110142,1.41534e+07,0,0
1748112991912,0,0,0,0,0,0,0,0,0,110018,1.41534e+07,0,0
1748112992195,0,0,0,0,0,0,0,0,0,109908,1.41534e+07,0,0
1748112992462,0,0,0,0,0,0,0,0,0,109786,1.41534e+07,0,0
1748112992724,0,0,0,0,0,0,0,0,0,109665,1.41534e+07,0,0
1748112992984,0,0,0,0,0,0,0,0,0,109543,1.41534e+07,0,0
1748112993264,0,0,0,0,0,0,0,0,0,109392,1.41534e+07,0,0
1748112993527,0,0,0,0,0,0,0,0,0,109272,1.41534e+07,0,0
1748112993802,0,0,0,0,0,0,0,0,0,109157,1.41534e+07,0,0
1748112994065,0,0,0,0,0,0,0,0,0,109036,1.41534e+07,0,0
1748112994323,0,0,0,0,0,0,0,0,0,108886,1.41534e+07,0,0
1748112994584,0,0,0,0,0,0,0,0,0,108767,1.41534e+07,0,0
1748112994861,0,0,0,0,0,0,0,0,0,108648,1.41534e+07,0,0
1748112995138,0,0,0,0,0,0,0,0,0,108528,1.41534e+07,0,0
1748112995416,0,0,0,0,0,0,0,0,0,108380,1.41534e+07,0,0
1748112995678,0,0,0,0,0,0,0,0,0,108261,1.41534e+07,0,0
1748112995939,0,0,0,0,0,0,0,0,0,108143,1.41534e+07,0,0
1748112996202,0,0,0,0,0,0,0,0,0,108025,1.41534e+07,0,0
1748112996466,0,0,0,0,0,0,0,0,0,107907,1.41534e+07,0,0
1748112996729,0,0,0,0,0,0,0,0,0,107793,1.41534e+07,0,0
1748112996989,0,0,0,0,0,0,0,0,0,107676,1.41534e+07,0,0
1748112997253,0,0,0,0,0,0,0,0,0,107559,1.41534e+07,0,0
1748112997519,0,0,0,0,0,0,0,0,0,108174,1.41534e+07,0,0
1748112997779,0,0,0,0,0,0,0,0,0,109514,1.41534e+07,0,0
1748112998042,0,0,0,0,0,0,0,0,0,110020,1.41534e+07,0,0
1748112998308,0,0,0,0,0,0,0,0,0,109901,1.41534e+07,0,0
1748112998568,0,0,0,0,0,0,0,0,0,109782,1.41534e+07,0,0
1748112998832,0,0,0,0,0,0,0,0,0,109634,1.41534e+07,0,0
1748112999110,0,0,0,0,0,0,0,0,0,109516,1.41534e+07,0,0
1748112999388,0,0,0,0,0,0,0,0,0,109368,1.41534e+07,0,0
1748112999663,0,0,0,0,0,0,0,0,0,109251,1.41534e+07,0,0
1748112999924,0,0,0,0,0,0,0,0,0,109163,1.41534e+07,0,0
1748113000187,0,0,0,0,0,0,0,0,0,109046,1.41534e+07,0,0
1748113000463,0,0,0,0,0,0,0,0,0,108900,1.41534e+07,0,0
1748113000726,0,0,0,0,0,0,0,0,0,108784,1.41534e+07,0,0
1748113001003,0,0,0,0,0,0,0,0,0,108668,1.41534e+07,0,0
1748113001265,0,0,0,0,0,0,0,0,0,108551,1.41534e+07,0,0
1748113001543,0,0,0,0,0,0,0,0,0,108435,1.41534e+07,0,0
1748113001802,0,0,0,0,0,0,0,0,0,108320,1.41534e+07,0,0
1748113002065,0,0,0,0,0,0,0,0,0,108205,1.41534e+07,0,0
1748113002326,0,0,0,0,0,0,0,0,0,108091,1.41534e+07,0,0
1748113002592,0,0,0,0,0,0,0,0,0,107976,1.41534e+07,0,0
1748113002862,0,0,0,0,0,0,0,0,0,107862,1.41534e+07,0,0
1748113003130,0,0,0,0,0,0,0,0,0,107748,1.41534e+07,0,0
1748113003388,0,0,0,0,0,0,0,0,0,111707,1.52661e+07,0,0
1748113003661,0,0,0,0,0,0,0,0,0,114350,1.52661e+07,0,0
1748113003924,0,0,0,0,0,0,0,0,0,114201,1.52661e+07,0,0
1748113004184,0,0,0,0,0,0,0,0,0,114080,1.52661e+07,0,0
1748113004446,0,0,0,0,0,0,0,0,0,113960,1.52661e+07,0,0
1748113004712,0,0,0,0,0,0,0,0,0,113840,1.52661e+07,0,0
1748113004973,0,0,0,0,0,0,0,0,0,113720,1.52661e+07,0,0
1748113005235,0,0,0,0,0,0,0,0,0,113601,1.52661e+07,0,0
1748113005495,0,0,0,0,0,0,0,0,0,113481,1.52661e+07,0,0
1748113005756,0,0,0,0,0,0,0,0,0,113362,1.52661e+07,0,0
1748113006033,0,0,0,0,0,0,0,0,0,113214,1.52661e+07,0,0
1748113006296,0,0,0,0,0,0,0,0,0,113096,1.52661e+07,0,0
1748113006559,0,0,0,0,0,0,0,0,0,112978,1.52661e+07,0,0
1748113006825,0,0,0,0,0,0,0,0,0,112860,1.52661e+07,0,0
1748113007085,0,0,0,0,0,0,0,0,0,112742,1.52661e+07,0,0
1748113007346,0,0,0,0,0,0,0,0,0,112625,1.52661e+07,0,0
1748113007607,0,0,0,0,0,0,0,0,0,112478,1.52661e+07,0,0
1748113007870,0,0,0,0,0,0,0,0,0,112363,1.52661e+07,0,0
1748113008131,0,0,0,0,0,0,0,0,0,112247,1.52661e+07,0,0
1748113008394,0,0,0,0,0,0,0,0,0,112131,1.52661e+07,0,0
1748113008655,0,0,0,0,0,0,0,0,0,112032,1.52661e+07,0,0
1748113008917,0,0,0,0,0,0,0,0,0,111916,1.52661e+07,0,0
1748113009180,0,0,0,0,0,0,0,0,0,111801,1.52661e+07,0,0
1748113009452,0,0,0,0,0,0,0,0,0,111879,1.52661e+07,0,0
1748113009737,0,0,0,0,0,0,0,0,0,113688,1.52661e+07,0,0
1748113009996,0,0,0,0,0,0,0,0,0,113571,1.52661e+07,0,0
1748113010258,0,0,0,0,0,0,0,0,0,113454,1.52661e+07,0,0
1748113010519,0,0,0,0,0,0,0,0,0,113338,1.52661e+07,0,0
1748113010782,0,0,0,0,0,0,0,0,0,113221,1.52661e+07,0,0
1748113011059,0,0,0,0,0,0,0,0,0,113076,1.52661e+07,0,0
1748113011321,0,0,0,0,0,0,0,0,0,112961,1.52661e+07,0,0
1748113011582,0,0,0,0,0,0,0,0,0,112845,1.52661e+07,0,0
1748113011845,0,0,0,0,0,0,0,0,0,112731,1.52661e+07,0,0
1748113012109,0,0,0,0,0,0,0,0,0,112616,1.52661e+07,0,0
1748113012375,0,0,0,0,0,0,0,0,0,112504,1.52661e+07,0,0
1748113012636,0,0,0,0,0,0,0,0,0,112389,1.52661e+07,0,0
1748113012900,0,0,0,0,0,0,0,0,0,112275,1.52661e+07,0,0
1748113013163,0,0,0,0,0,0,0,0,0,112161,1.52661e+07,0,0
1748113013440,0,0,0,0,0,0,0,0,0,112047,1.52661e+07,0,0
1748113013701,0,0,0,0,0,0,0,0,0,111940,1.52661e+07,0,0
1748113013962,0,0,0,0,0,0,0,0,0,111827,1.52661e+07,0,0
1748113014224,0,0,0,0,0,0,0,0,0,111713,1.52661e+07,0,0
1748113014488,0,0,0,0,0,0,0,0,0,111600,1.52661e+07,0,0
1748113014748,0,0,0,0,0,0,0,0,0,111487,1.52661e+07,0,0
1748113015008,0,0,0,0,0,0,0,0,0,111504,1.52661e+07,0,0
1748113015312,0,0,0,0,0,0,0,0,0,112610,1.52661e+07,0,0
1748113015569,0,0,0,0,0,0,0,0,0,114005,1.52661e+07,0,0
1748113015829,0,0,0,0,0,0,0,0,0,113862,1.52661e+07,0,0
1748113016092,0,0,0,0,0,0,0,0,0,113747,1.52661e+07,0,0
1748113016369,0,0,0,0,0,0,0,0,0,113633,1.52661e+07,0,0
1748113016631,0,0,0,0,0,0,0,0,0,113519,1.52661e+07,0,0
1748113016894,0,0,0,0,0,0,0,0,0,113406,1.52661e+07,0,0
1748113017168,0,0,0,0,0,0,0,0,0,113292,1.52661e+07,0,0
1748113017430,0,0,0,0,0,0,0,0,0,113179,1.52661e+07,0,0
1748113017690,0,0,0,0,0,0,0,0,0,113065,1.52661e+07,0,0
1748113017966,0,0,0,0,0,0,0,0,0,112924,1.52661e+07,0,0
1748113018231,0,0,0,0,0,0,0,0,0,112840,1.52661e+07,0,0
1748113018491,0,0,0,0,0,0,0,0,0,112727,1.52661e+07,0,0
1748113018752,0,0,0,0,0,0,0,0,0,112790,1.52661e+07,0,0
1748113019013,0,0,0,0,0,0,0,0,0,112678,1.52661e+07,0,0
1748113019293,0,0,0,0,0,0,0,0,0,112566,1.52661e+07,0,0
1748113019571,0,0,0,0,0,0,0,0,0,112426,1.52661e+07,0,0
1748113019833,0,0,0,0,0,0,0,0,0,112315,1.52661e+07,0,0
1748113020112,0,0,0,0,0,0,0,0,0,112203,1.52661e+07,0,0
1748113020390,0,0,0,0,0,0,0,0,0,112065,1.52661e+07,0,0
1748113020651,0,0,0,0,0,0,0,0,0,111955,1.52661e+07,0,0
1748113020913,0,0,0,0,0,0,0,0,0,111844,1.52661e+07,0,0
1748113021174,0,0,0,0,0,0,0,0,0,111734,1.52661e+07,0,0
1748113021437,0,0,0,0,0,0,0,0,0,111624,1.52661e+07,0,0
